hsgrad,nonwhite,mhs,fhs,income,asvab,nsibs,intact
Yes,No,Yes,Yes,4.909,-0.11,1,No
Yes,No,Yes,No,6.94,0.452,4,No
Yes,No,Yes,Yes,11,0.967,1,Yes
Yes,No,No,No,15,1.667,2,No
Yes,Yes,No,No,2.544,0,2,No
Yes,No,No,Yes,9.391,0,3,No
Yes,No,No,Yes,3.175,0.46,3,No
Yes,No,No,Yes,10.5,-0.62,1,Yes
Yes,No,No,Yes,15.105,1.257,3,Yes
Yes,No,No,No,20,1.11,1,Yes
Yes,No,No,No,12.5,0.85,2,No
Yes,No,Yes,No,6.351,1.573,1,Yes
Yes,No,No,No,11.18,0.725,2,Yes
Yes,No,No,Yes,26.833,1.662,2,Yes
Yes,No,No,No,6,0.588,1,Yes
Yes,No,No,No,15.119,0.749,4,Yes
Yes,No,Yes,Yes,4.899,0.437,3,Yes
Yes,No,Yes,Yes,4.899,1.151,3,Yes
Yes,No,Yes,Yes,9.839,0.749,2,No
No,No,Yes,Yes,7.348,-0.027,3,Yes
Yes,No,No,No,12,1.569,2,Yes
Yes,No,No,No,12,0.964,2,Yes
Yes,No,No,Yes,8.944,0.682,3,Yes
Yes,No,Yes,Yes,10.286,0.186,3,Yes
Yes,No,Yes,Yes,13.416,0.17,2,Yes
Yes,No,No,No,13,1.09,2,Yes
Yes,No,Yes,Yes,14,0.504,1,Yes
Yes,No,No,No,35,1.585,1,Yes
Yes,No,No,No,15,0.803,1,Yes
No,No,No,No,5.814,-0.771,2,No
Yes,No,Yes,No,9.5,-0.191,2,Yes
Yes,No,No,No,12.969,0.502,3,Yes
Yes,No,No,No,12.969,-0.574,3,Yes
Yes,No,No,No,2.887,-0.1,7,Yes
Yes,No,Yes,Yes,6.532,0.727,3,Yes
Yes,No,No,No,3.536,-0.842,6,Yes
Yes,No,Yes,Yes,6.708,1.122,3,Yes
No,No,No,No,2.858,-0.974,4,No
No,No,No,Yes,7,-0.692,2,No
Yes,No,Yes,No,13.5,1.432,3,Yes
Yes,No,Yes,No,13.5,0.988,3,Yes
Yes,No,Yes,Yes,9.391,0.074,4,Yes
Yes,No,Yes,No,12.5,0.265,1,Yes
Yes,No,No,No,10.206,1.286,3,Yes
No,No,Yes,Yes,8.083,-0.572,1,No
No,Yes,No,Yes,2.179,-1.019,4,No
No,Yes,No,No,2.309,-1.68,2,Yes
No,No,No,No,6.94,-0.317,3,Yes
Yes,No,Yes,Yes,22.5,-0.9,2,Yes
No,No,Yes,Yes,12.247,-1.171,3,Yes
Yes,No,Yes,Yes,12.247,0.81,3,Yes
Yes,No,Yes,No,7.603,1.548,3,Yes
Yes,No,Yes,No,6.842,0.267,2,Yes
Yes,No,Yes,Yes,18.52,0.285,4,Yes
Yes,No,Yes,Yes,8.971,0.177,4,No
No,No,Yes,Yes,11.18,0.214,3,Yes
Yes,No,Yes,No,16.33,-0.101,3,Yes
Yes,No,Yes,No,14.758,1.31,2,Yes
No,Yes,No,Yes,2.415,-0.313,5,No
Yes,Yes,No,Yes,2.884,-0.18,5,No
Yes,Yes,No,No,8.126,-1.754,4,Yes
Yes,No,No,Yes,14.5,1.018,3,Yes
No,Yes,No,No,3.78,-1.425,11,No
Yes,No,Yes,Yes,17.5,1.181,5,Yes
Yes,No,No,Yes,8.944,-0.865,2,Yes
Yes,No,No,Yes,8.944,0.506,2,Yes
Yes,No,No,No,7.5,0.419,4,Yes
Yes,No,Yes,Yes,17.321,0.567,0,Yes
Yes,No,Yes,No,10.392,-1.404,1,Yes
Yes,No,No,No,5,1.496,1,Yes
Yes,No,No,No,20,1.057,1,Yes
Yes,No,Yes,Yes,5.774,-1.528,3,No
Yes,No,Yes,Yes,13.416,-0.263,4,Yes
Yes,No,Yes,Yes,13.416,-0.742,4,Yes
Yes,No,Yes,No,23.094,1.447,2,Yes
No,No,No,No,2.91,-1.114,4,No
Yes,No,Yes,Yes,12,0.61,1,Yes
Yes,No,Yes,No,19.654,-0.742,4,Yes
Yes,No,Yes,No,10.733,0.026,2,Yes
Yes,No,Yes,No,17.321,0.883,3,Yes
Yes,No,Yes,Yes,20.572,0.802,3,Yes
Yes,No,No,No,13,-0.428,3,Yes
Yes,No,Yes,Yes,14.311,1.276,2,Yes
Yes,No,Yes,Yes,13.685,1.218,2,Yes
Yes,Yes,No,No,3.101,0.369,4,No
No,Yes,No,No,2.475,-1.287,7,No
Yes,Yes,No,No,11.068,-0.765,7,Yes
No,No,No,No,4.899,-0.393,4,Yes
No,No,No,No,4.899,-1.68,9,Yes
No,No,No,No,4.919,-0.577,3,No
Yes,No,Yes,No,11.068,1.711,7,Yes
Yes,No,Yes,No,11.068,1.201,7,No
Yes,No,Yes,No,25.981,0.722,1,Yes
Yes,Yes,No,Yes,2.432,0.187,3,No
Yes,Yes,No,Yes,5.774,0.424,2,No
Yes,No,No,No,9.798,0.899,3,Yes
Yes,No,No,Yes,12.374,0.283,5,Yes
Yes,No,No,No,12.374,0.453,5,Yes
Yes,No,No,No,10,-0.51,7,Yes
Yes,No,No,Yes,7.778,-0.284,1,No
Yes,No,No,No,11.023,-1.474,3,Yes
Yes,Yes,No,No,3.748,-1.608,8,No
Yes,No,Yes,Yes,13.5,0.175,2,Yes
Yes,No,Yes,No,12.5,0.66,1,Yes
Yes,No,Yes,No,12.5,0.408,1,Yes
No,No,No,No,16.166,-1,2,Yes
Yes,No,Yes,No,37.501,1.432,2,Yes
Yes,No,Yes,Yes,6.928,0.869,1,No
Yes,No,Yes,No,10,0.801,1,Yes
Yes,No,Yes,No,15.652,0.904,2,Yes
Yes,Yes,No,No,9.238,1.161,1,No
Yes,Yes,No,No,9.238,0.409,1,No
No,Yes,No,No,8.333,-1.475,6,Yes
No,Yes,No,Yes,8.333,-1.713,6,Yes
Yes,Yes,No,Yes,8.333,-1.364,6,Yes
Yes,Yes,Yes,No,8.66,-0.825,4,Yes
Yes,No,No,No,2.041,-1.44,11,No
Yes,No,Yes,Yes,13.416,0.148,2,Yes
Yes,No,Yes,Yes,13.416,1.011,2,Yes
Yes,No,Yes,Yes,5.774,-0.351,2,Yes
Yes,No,No,No,10.392,-0.336,0,Yes
Yes,No,No,No,14.434,0.13,4,No
No,No,Yes,No,6.283,-0.701,2,Yes
Yes,No,No,No,23.094,1.667,1,Yes
Yes,No,No,No,5.307,-1.092,3,No
Yes,No,Yes,No,2.236,0.033,6,No
Yes,No,No,Yes,13.1,0.761,1,Yes
Yes,No,No,No,0,-0.532,3,Yes
Yes,Yes,No,No,3.13,-0.509,6,No
Yes,Yes,No,Yes,9.016,-0.042,6,Yes
Yes,Yes,No,Yes,9.016,0.146,5,Yes
No,No,Yes,Yes,7.757,-0.967,3,Yes
Yes,No,Yes,No,10.286,1.642,2,Yes
Yes,No,Yes,No,10.286,1.164,2,Yes
Yes,No,Yes,No,10.286,0.897,2,Yes
Yes,No,No,Yes,7.603,-0.068,2,Yes
Yes,No,Yes,No,10.733,0.75,2,Yes
Yes,No,Yes,No,25.981,0.146,0,Yes
Yes,No,No,Yes,20,0.763,2,Yes
Yes,No,Yes,Yes,9.827,-0.137,4,Yes
Yes,No,No,No,7.559,-0.55,5,Yes
Yes,No,Yes,Yes,12.247,-0.778,3,Yes
Yes,No,Yes,Yes,12.247,1.094,3,Yes
Yes,No,Yes,No,17.321,0.824,0,Yes
No,Yes,Yes,Yes,5.06,-0.278,8,Yes
Yes,Yes,No,No,16,-1.189,1,Yes
Yes,No,No,No,6.94,-0.473,3,Yes
Yes,No,Yes,No,5.367,1.274,4,Yes
Yes,No,No,Yes,14.434,0.873,4,No
Yes,No,Yes,No,26.833,0.136,3,Yes
Yes,No,No,Yes,5.303,-1.298,5,Yes
No,No,Yes,No,5.303,0.566,5,Yes
Yes,No,No,No,11.339,1.02,4,Yes
Yes,No,No,No,11.339,1.405,4,Yes
Yes,No,No,No,19,0,6,Yes
Yes,No,No,No,16.994,0.67,6,Yes
Yes,No,No,No,14.849,1.323,2,No
Yes,No,No,No,12.5,1.105,1,Yes
Yes,No,Yes,Yes,33.541,0,4,Yes
Yes,No,Yes,Yes,8.944,0.975,4,Yes
Yes,No,Yes,No,9.5,1.284,2,Yes
Yes,No,Yes,Yes,6.94,1.426,3,Yes
Yes,No,Yes,Yes,6.94,-1.297,3,Yes
Yes,No,Yes,No,12.969,1.169,2,Yes
Yes,No,Yes,Yes,8.944,0.615,2,Yes
Yes,No,Yes,Yes,8.839,1.129,6,Yes
Yes,No,Yes,Yes,8.839,-0.462,6,Yes
Yes,No,Yes,Yes,10,1.073,1,Yes
Yes,No,No,Yes,10,-0.503,9,Yes
Yes,No,Yes,Yes,7.348,0.109,3,Yes
Yes,No,Yes,Yes,11.18,0.251,2,Yes
Yes,No,Yes,Yes,9.391,-0.582,6,Yes
Yes,No,No,No,30.619,1.319,3,Yes
Yes,No,No,No,30.619,1.299,3,Yes
Yes,No,Yes,Yes,10.5,0.763,2,Yes
Yes,No,Yes,No,7.598,0.379,4,No
Yes,No,Yes,Yes,12.45,0.507,1,Yes
Yes,Yes,No,Yes,2.933,0.747,4,No
Yes,No,Yes,No,8.66,0.477,3,Yes
Yes,No,No,Yes,9,1.136,2,Yes
Yes,No,Yes,Yes,13.279,-0.149,0,Yes
Yes,No,No,No,10.206,-1.378,3,Yes
Yes,No,No,No,10.206,1.245,3,Yes
Yes,No,No,No,2.449,-0.094,6,Yes
Yes,No,Yes,No,2.797,-1.65,6,No
Yes,No,Yes,No,8.944,-1.41,2,Yes
Yes,No,No,Yes,15,0.578,1,Yes
Yes,No,No,Yes,14.434,1.449,2,Yes
Yes,No,Yes,Yes,12.247,1.498,3,Yes
Yes,No,Yes,Yes,12.247,0.782,3,Yes
Yes,No,Yes,Yes,9.5,0,1,Yes
Yes,No,No,No,5.5,-0.232,2,No
Yes,No,No,No,22.808,0.873,3,Yes
No,No,No,No,5.814,-1.423,2,Yes
Yes,No,No,No,7.603,0.387,8,Yes
Yes,No,Yes,No,25,1.173,2,Yes
Yes,No,Yes,Yes,4,0,3,No
No,No,No,Yes,10.206,0.546,3,Yes
Yes,No,Yes,No,23.094,1.423,2,Yes
Yes,No,Yes,No,5.657,-0.89,3,No
No,Yes,Yes,No,8.165,-1.419,3,Yes
Yes,No,Yes,No,14.758,0.39,2,Yes
Yes,No,No,No,13.416,0.435,2,Yes
Yes,No,Yes,Yes,8.944,1.073,2,Yes
Yes,Yes,No,No,1.812,-1.258,4,Yes
Yes,No,No,No,7.603,-1.079,6,No
Yes,No,Yes,Yes,8.497,-0.03,1,Yes
Yes,No,No,Yes,5.228,-0.85,2,No
No,No,Yes,Yes,9,-0.502,1,Yes
Yes,No,Yes,No,11,0.633,2,Yes
Yes,Yes,Yes,Yes,9,-1.125,2,Yes
Yes,Yes,Yes,Yes,2.147,-0.64,1,No
Yes,Yes,Yes,No,5.116,-1.229,1,No
Yes,Yes,Yes,Yes,8.165,0.146,4,Yes
Yes,No,No,No,20,0.412,1,Yes
Yes,No,No,No,7,-1.428,1,Yes
Yes,No,No,Yes,6.708,0,2,Yes
Yes,No,No,Yes,6.708,0,2,Yes
Yes,No,No,Yes,6.708,-0.209,2,Yes
Yes,No,Yes,Yes,11.5,0.127,1,Yes
Yes,No,Yes,No,26.517,1.513,7,Yes
Yes,No,No,No,15.652,0.129,2,Yes
Yes,Yes,Yes,No,1.938,-0.319,3,No
No,Yes,Yes,No,8.315,-1.582,9,No
Yes,Yes,Yes,No,8.315,-0.87,9,Yes
No,Yes,No,No,0.917,-1.419,11,No
Yes,No,Yes,No,13.856,-0.046,1,Yes
No,No,No,Yes,6.005,-0.665,4,Yes
Yes,Yes,No,Yes,10.733,0.013,2,No
Yes,No,Yes,No,8.944,0.861,2,Yes
Yes,Yes,No,Yes,4.472,-0.089,2,Yes
No,No,No,No,3.58,-1.719,5,No
Yes,No,Yes,No,31.82,0,0,Yes
No,No,Yes,No,11.18,-0.3,2,No
Yes,No,No,No,30,1.541,2,Yes
Yes,No,No,No,18.371,1.45,3,Yes
Yes,No,No,No,4.619,1.218,1,No
Yes,No,No,No,8.165,1.569,3,Yes
Yes,No,No,No,13.64,-0.532,2,Yes
Yes,No,Yes,No,20.412,0.171,2,Yes
No,No,Yes,No,10.614,-0.49,9,Yes
No,Yes,Yes,No,11.628,-0.719,9,Yes
Yes,No,Yes,No,14.95,1.058,4,Yes
Yes,No,Yes,No,14.95,0.882,4,Yes
Yes,No,Yes,No,11.18,-0.53,3,Yes
Yes,No,Yes,No,11,-0.45,1,Yes
Yes,No,No,No,28.284,0.346,0,No
Yes,No,No,No,20,1.061,2,Yes
Yes,No,Yes,Yes,11.18,0.704,4,No
Yes,No,Yes,No,20,1.372,3,Yes
No,No,Yes,Yes,16,-0.761,3,Yes
Yes,No,No,No,15,0.324,1,Yes
Yes,No,No,No,8.66,0,1,No
Yes,No,No,No,5.715,-0.404,3,Yes
Yes,No,No,No,5.715,-0.251,3,Yes
Yes,No,No,Yes,7.5,0.788,1,Yes
Yes,No,Yes,Yes,7.5,0.362,2,Yes
Yes,No,Yes,Yes,7.5,0.331,2,Yes
Yes,No,Yes,Yes,10,1.005,2,No
Yes,No,Yes,Yes,4.572,0.62,3,Yes
Yes,No,Yes,Yes,4.572,0.285,3,Yes
Yes,No,Yes,Yes,7.181,0.784,5,Yes
Yes,No,No,No,9.39,1.654,3,Yes
No,No,No,No,9.39,-0.351,3,Yes
Yes,No,Yes,Yes,8.4,0.939,3,Yes
Yes,No,Yes,No,9.39,1.664,3,Yes
Yes,No,Yes,No,9.39,1.691,3,Yes
Yes,No,Yes,Yes,7.921,0.292,6,Yes
Yes,No,Yes,Yes,7.921,0.306,6,Yes
Yes,No,No,No,15,0.474,1,Yes
Yes,No,No,No,6,0.035,1,Yes
Yes,Yes,No,No,9.798,1.019,3,Yes
Yes,No,Yes,Yes,22.678,0.487,6,Yes
No,No,Yes,Yes,3.578,0.161,3,No
Yes,No,Yes,No,12,1.037,2,Yes
Yes,No,No,No,22.5,1.539,1,Yes
Yes,No,Yes,No,13.88,0.528,3,Yes
Yes,No,No,Yes,18.371,0.737,3,Yes
Yes,No,Yes,Yes,10.392,-0.062,1,Yes
Yes,Yes,No,No,11,0.516,1,Yes
Yes,No,Yes,Yes,6.708,0.746,4,Yes
No,No,Yes,Yes,7,-0.77,3,Yes
Yes,No,Yes,Yes,4.8,0.085,3,Yes
Yes,No,No,No,20.207,1.252,1,Yes
Yes,Yes,No,No,10.159,0.853,1,No
Yes,No,No,No,24.495,1.142,2,Yes
No,No,Yes,No,1.68,-0.864,2,No
Yes,No,No,No,9.238,1.149,3,Yes
Yes,No,Yes,No,3.536,0.897,1,No
Yes,No,Yes,Yes,10.392,0.701,2,Yes
Yes,No,No,No,5.081,0.635,1,Yes
Yes,No,Yes,Yes,13.5,0.676,1,Yes
Yes,No,Yes,Yes,10.733,1.144,2,Yes
Yes,No,Yes,No,12.702,0.381,3,No
Yes,No,Yes,No,20,0.905,5,Yes
Yes,No,Yes,Yes,33.541,0.241,2,Yes
No,Yes,Yes,No,2.8,-0.344,9,No
No,No,Yes,No,2.425,-1.153,9,No
No,No,No,No,6.221,-0.693,4,No
Yes,Yes,No,No,9.839,1.191,1,Yes
No,Yes,No,No,4.472,-1.442,2,No
No,Yes,No,No,0.265,-0.868,5,No
Yes,Yes,No,No,2.041,0.366,6,Yes
Yes,No,No,Yes,9.5,1.315,1,Yes
Yes,No,Yes,Yes,10.206,-0.482,4,Yes
Yes,No,No,No,11.748,-0.963,3,Yes
Yes,No,Yes,Yes,12.075,0.053,2,Yes
Yes,No,No,No,3.536,0.114,3,No
Yes,No,No,No,3.536,-1.11,3,No
Yes,No,Yes,No,15.7,0.179,3,Yes
Yes,No,No,No,15.062,0.636,2,Yes
Yes,No,Yes,Yes,5.196,-0.612,1,Yes
Yes,No,Yes,Yes,9.839,0.221,2,Yes
Yes,No,No,No,18.783,0.361,2,Yes
Yes,No,No,No,6.532,0.056,3,No
Yes,No,Yes,Yes,10.104,1.024,2,No
Yes,No,Yes,Yes,10,1.487,1,Yes
Yes,No,No,No,13.229,-0.285,4,No
Yes,No,Yes,No,1.35,0,1,Yes
Yes,No,Yes,No,5.774,0.747,1,Yes
Yes,No,Yes,No,10.286,-0.041,2,Yes
Yes,No,Yes,No,9.815,1.192,1,Yes
Yes,No,Yes,Yes,14.434,0.989,2,Yes
Yes,No,No,No,7.5,1.235,3,Yes
Yes,No,Yes,No,11,0.108,1,Yes
Yes,No,Yes,Yes,12.702,0.818,4,Yes
Yes,No,Yes,Yes,12,-0.365,2,Yes
Yes,No,Yes,Yes,12,-0.646,2,Yes
No,No,No,No,3.464,-1.267,1,No
No,No,Yes,No,4.83,-1.124,4,No
Yes,No,Yes,No,4.83,-0.671,4,No
Yes,No,Yes,No,22.361,1.196,2,Yes
Yes,No,Yes,Yes,15.011,1.261,0,Yes
No,No,No,No,0.939,-1.597,5,No
Yes,No,Yes,No,11.431,-0.683,3,Yes
No,No,No,No,11.258,0,0,Yes
No,No,Yes,No,5.292,-1.721,2,No
Yes,No,Yes,No,5.292,-0.742,2,No
Yes,No,Yes,Yes,13,0.735,1,Yes
Yes,No,No,No,11.547,1.546,1,Yes
Yes,No,Yes,Yes,14.5,0.911,5,Yes
Yes,No,Yes,Yes,12.969,0.481,5,Yes
Yes,No,No,No,2.256,-0.125,4,No
No,No,Yes,No,2.449,-1.225,3,Yes
Yes,No,Yes,No,3.5,0.13,2,No
Yes,No,Yes,Yes,7.75,0.244,11,No
Yes,No,No,No,10.206,1.481,3,Yes
Yes,No,No,No,3.578,-2.01,2,Yes
Yes,No,Yes,Yes,11,0.35,1,Yes
Yes,No,Yes,Yes,8.485,-0.593,6,Yes
No,No,Yes,Yes,8.485,-0.814,6,Yes
No,No,No,No,3.266,-1.59,10,Yes
No,No,No,No,3.266,-1.281,10,Yes
Yes,No,Yes,Yes,12.5,1.305,1,Yes
Yes,No,Yes,No,17.5,0.496,2,Yes
Yes,No,No,No,7.333,1.439,6,Yes
Yes,No,Yes,No,7.333,1.082,6,Yes
Yes,No,No,Yes,16.547,1.686,2,Yes
Yes,No,Yes,Yes,13.416,-0.271,3,Yes
No,No,No,No,9.899,-0.987,0,No
Yes,No,Yes,No,3.536,0.684,5,Yes
Yes,No,Yes,No,11,1.368,1,Yes
Yes,No,Yes,Yes,14,1.021,2,Yes
Yes,Yes,Yes,Yes,17.889,0.774,2,Yes
Yes,No,No,No,12.124,-0.012,1,Yes
Yes,No,Yes,No,18.475,0.711,3,Yes
Yes,No,No,No,4.74,0.155,3,Yes
Yes,No,No,No,5.931,0.892,4,No
Yes,No,Yes,No,9,-0.005,1,Yes
Yes,No,Yes,No,9,-0.705,1,Yes
Yes,No,Yes,Yes,11.5,1.154,1,Yes
Yes,No,No,Yes,5.657,0.805,0,No
Yes,Yes,Yes,Yes,4.919,-0.55,3,No
Yes,Yes,Yes,Yes,4.919,-0.845,3,No
Yes,No,No,No,17.889,0.496,2,Yes
Yes,No,Yes,No,8.16,0.23,1,Yes
Yes,No,No,No,4.619,0.015,2,Yes
Yes,No,Yes,No,15.652,1.351,2,Yes
No,No,No,No,6.708,-0.982,2,Yes
Yes,No,Yes,Yes,6,0.054,1,Yes
No,No,No,No,3.25,-1.464,5,Yes
No,Yes,Yes,No,13.333,-1.513,5,Yes
Yes,No,No,No,20,1.64,1,Yes
Yes,No,No,No,8.573,1.398,5,Yes
No,No,No,No,5.367,-1.071,5,Yes
No,No,No,No,5.367,-1.594,5,Yes
Yes,No,No,No,1.485,-0.446,10,No
No,No,No,No,6,-0.792,6,Yes
Yes,No,Yes,Yes,8.944,-0.2,2,Yes
Yes,No,No,Yes,8.497,-0.357,2,Yes
Yes,No,No,Yes,8.497,0.359,2,Yes
Yes,No,Yes,Yes,8.66,0.368,1,Yes
Yes,No,Yes,Yes,8.944,1.26,3,Yes
Yes,No,Yes,Yes,21,-1.02,1,Yes
No,Yes,Yes,No,2.683,-1.482,3,No
No,No,Yes,No,8.165,-1.543,6,Yes
Yes,No,Yes,Yes,11.533,-0.234,3,No
Yes,No,Yes,No,10.5,0.749,1,Yes
Yes,No,Yes,Yes,5.367,0.916,3,No
Yes,Yes,No,No,4.536,-0.034,5,Yes
Yes,Yes,Yes,No,7.603,0.949,2,No
No,Yes,No,No,4.693,-1.145,10,Yes
Yes,No,Yes,No,8.032,1.423,2,No
Yes,No,Yes,No,12.667,1.343,6,Yes
Yes,No,Yes,No,12.667,0.767,6,Yes
Yes,No,No,No,8.497,0.201,2,Yes
No,No,Yes,Yes,7.5,-0.412,2,Yes
Yes,No,No,Yes,11.18,1.626,4,Yes
No,No,Yes,Yes,4.914,-0.678,5,Yes
Yes,No,Yes,Yes,4.914,0.489,4,Yes
Yes,No,No,No,7,0.711,1,No
Yes,No,No,Yes,10.206,0.917,5,Yes
No,No,No,Yes,10.206,-1.235,5,Yes
Yes,No,No,No,5.303,0.679,1,No
Yes,No,No,No,9.391,0.682,2,Yes
Yes,No,Yes,Yes,12.8,0.932,3,No
Yes,No,Yes,No,5.68,0.419,2,No
Yes,No,Yes,Yes,7.647,-1.141,2,No
Yes,No,Yes,Yes,19.963,-0.206,3,Yes
Yes,No,Yes,No,6.75,1.519,2,Yes
Yes,No,No,No,13.856,1.014,0,Yes
Yes,No,No,No,7.778,-0.641,4,No
Yes,Yes,Yes,No,5,-0.273,3,Yes
Yes,No,Yes,No,5.124,0.951,5,Yes
Yes,No,Yes,Yes,11.18,1.49,2,Yes
Yes,No,No,Yes,6.546,1.183,5,Yes
Yes,No,Yes,Yes,8.944,0.963,2,Yes
Yes,No,Yes,Yes,10.619,1.244,1,Yes
Yes,No,Yes,Yes,13,0.822,3,Yes
Yes,No,No,No,2.598,-0.063,3,Yes
Yes,No,Yes,Yes,3.464,-1.012,10,Yes
Yes,No,Yes,Yes,4.135,1.435,1,Yes
Yes,No,No,No,6.172,-0.892,12,Yes
Yes,No,No,No,6.172,0.003,12,Yes
Yes,No,No,No,6.172,-1.253,12,Yes
Yes,No,No,No,4,1.547,1,Yes
No,No,No,No,6.5,0.068,3,Yes
No,No,No,No,5.367,0.633,4,Yes
Yes,No,Yes,Yes,7.155,0.537,2,Yes
Yes,No,Yes,No,8.944,1.219,2,Yes
Yes,No,Yes,No,13.5,0.856,1,Yes
Yes,No,Yes,No,13.5,-0.432,1,Yes
No,No,Yes,Yes,7.217,-1.447,3,No
Yes,No,Yes,Yes,6.081,0.785,2,No
Yes,No,Yes,No,5.367,1.765,2,No
Yes,No,No,No,10.5,1.343,1,Yes
Yes,Yes,No,No,3.578,-0.066,4,Yes
Yes,Yes,No,No,2.177,0.71,8,Yes
No,Yes,No,No,2.834,-1.467,3,Yes
No,No,No,No,1.5,-1.526,2,Yes
No,Yes,No,No,0.077,-1.545,12,Yes
Yes,Yes,No,Yes,2.268,0.076,4,Yes
Yes,Yes,No,No,2.828,0.158,6,Yes
Yes,Yes,No,No,3.266,-1.18,9,Yes
Yes,No,Yes,No,17.321,1.506,1,Yes
Yes,No,Yes,No,11,1.211,1,Yes
Yes,No,Yes,No,15.011,1.291,0,Yes
Yes,No,No,No,6,0.152,2,Yes
No,No,Yes,No,10.733,0.6,3,Yes
Yes,No,Yes,Yes,3.187,-0.04,5,No
Yes,No,Yes,Yes,10.286,0.171,2,Yes
Yes,No,No,No,3.13,0.926,2,Yes
Yes,No,No,No,3.13,-1.147,2,Yes
Yes,Yes,Yes,No,5.376,-0.867,10,Yes
Yes,Yes,No,No,9.815,-0.112,0,Yes
Yes,No,No,No,8.132,1.015,5,Yes
Yes,No,No,No,0.805,-1.62,2,Yes
Yes,No,Yes,No,1.097,0.129,2,Yes
Yes,No,No,No,6.954,0.971,2,Yes
Yes,No,Yes,Yes,19.706,1.526,1,Yes
Yes,Yes,Yes,Yes,5.814,-0.608,2,Yes
Yes,Yes,Yes,No,9.899,-0.886,5,No
Yes,No,No,Yes,8.981,-0.597,3,Yes
Yes,No,Yes,Yes,6.803,0.219,4,Yes
Yes,No,No,Yes,4.572,0.523,3,Yes
Yes,No,No,No,8.25,0.138,0,No
No,No,Yes,No,12.75,-0.358,1,Yes
Yes,No,Yes,No,6.708,1.53,2,Yes
Yes,No,No,No,5.367,1.766,3,Yes
Yes,No,No,No,20.125,1.519,2,Yes
Yes,No,Yes,Yes,17.889,-0.065,6,Yes
Yes,No,Yes,No,17.889,1.125,6,Yes
Yes,No,Yes,No,11.339,1.048,2,Yes
Yes,No,No,No,10,1.756,1,Yes
Yes,No,No,Yes,4.899,0.381,5,Yes
Yes,No,No,No,12.247,1.184,5,Yes
Yes,No,No,No,12.247,0.441,5,Yes
Yes,No,No,No,20.412,0.357,3,Yes
Yes,No,No,No,20.412,1.391,3,Yes
Yes,No,No,No,43.301,1.517,2,Yes
Yes,No,No,No,23.702,1.275,2,Yes
Yes,No,No,No,23.702,1.396,2,Yes
Yes,No,No,Yes,2,-0.175,3,No
Yes,No,No,Yes,10.062,0.685,2,Yes
Yes,No,No,No,33.541,1.481,2,Yes
Yes,No,No,No,10,0.377,3,Yes
Yes,No,Yes,No,13.472,0.515,3,Yes
Yes,No,No,No,13.676,0.912,5,Yes
No,No,No,Yes,3.688,-0.106,1,No
Yes,No,Yes,No,5.669,-1.75,4,Yes
Yes,No,No,No,14.289,0.737,3,Yes
Yes,No,No,No,14.289,1.169,3,Yes
Yes,No,Yes,No,11.339,0.746,5,Yes
Yes,No,No,No,12.5,0.814,1,Yes
No,No,No,No,3.189,-1.765,4,No
Yes,No,No,No,3.511,-0.869,4,No
No,Yes,No,No,4.75,-1.775,6,Yes
Yes,No,No,Yes,14.5,-0.161,2,Yes
No,No,Yes,Yes,6.736,-0.612,4,Yes
Yes,No,Yes,Yes,4.472,1.311,2,Yes
Yes,No,Yes,No,8.655,0.573,3,Yes
Yes,No,Yes,Yes,8,-0.205,6,Yes
Yes,No,Yes,Yes,13.064,0.321,3,Yes
Yes,No,No,No,24.495,1.343,3,No
Yes,No,No,No,24.495,1.731,3,Yes
Yes,No,No,No,24.495,1.386,3,No
Yes,No,No,No,17.324,0.778,4,Yes
Yes,Yes,Yes,No,13.856,0.239,1,Yes
Yes,No,Yes,Yes,7.155,1.428,2,Yes
Yes,No,Yes,Yes,14,0.538,5,Yes
Yes,No,No,No,14,-0.549,1,Yes
Yes,No,No,No,15.119,0.4,4,Yes
No,No,No,No,2.259,0,2,No
Yes,No,Yes,No,12.5,-0.875,2,No
Yes,No,No,No,12.413,1.384,2,Yes
Yes,Yes,No,No,0.816,-0.921,6,No
Yes,No,No,No,4.327,-0.076,6,Yes
Yes,No,Yes,No,15.652,1.305,2,Yes
Yes,No,Yes,Yes,7.757,-0.794,5,Yes
Yes,No,Yes,Yes,15,0.407,2,Yes
Yes,No,Yes,No,14.434,1.488,2,Yes
Yes,No,No,No,15,1.546,1,Yes
Yes,No,Yes,Yes,10.392,-0.048,0,Yes
Yes,No,No,No,7.25,0,2,No
Yes,No,No,No,7.25,0.075,2,No
Yes,No,No,No,33.541,1.573,2,Yes
No,No,Yes,No,12.702,-0.222,0,No
Yes,No,Yes,No,12.522,0.505,2,Yes
Yes,No,Yes,No,8.839,0.72,5,Yes
Yes,No,Yes,No,8.839,1.187,5,Yes
No,No,No,Yes,11.547,-1.179,2,Yes
Yes,Yes,Yes,Yes,14.758,0.501,2,Yes
Yes,No,Yes,Yes,11.023,1.477,3,No
Yes,No,Yes,No,6.532,0.231,4,No
Yes,No,Yes,No,12.5,1.552,2,Yes
Yes,No,No,No,8.944,1.539,2,Yes
Yes,No,No,No,3.8,-0.375,3,Yes
Yes,Yes,Yes,Yes,11.18,1.104,3,Yes
No,Yes,No,No,2.851,-1.596,4,No
No,No,No,No,3.08,-1.016,6,No
No,No,No,Yes,2.249,0,3,No
Yes,No,No,No,16,0.526,2,Yes
Yes,No,No,No,6.485,-0.837,2,No
No,No,No,No,4.596,0.866,0,No
Yes,Yes,Yes,Yes,4.08,-0.605,0,No
No,Yes,Yes,No,5.292,-0.741,4,Yes
No,No,No,No,6.5,0.14,2,No
No,Yes,No,Yes,5.55,-1.533,5,Yes
Yes,Yes,No,Yes,0.9,-0.281,3,No
Yes,Yes,Yes,Yes,4.243,-1.596,4,No
Yes,No,No,Yes,10.733,0.922,2,Yes
Yes,No,No,Yes,9.839,-0.792,2,Yes
No,Yes,No,Yes,10,-0.464,2,No
Yes,No,Yes,Yes,9.391,-0.895,2,Yes
Yes,No,No,No,10.614,-0.791,3,Yes
Yes,No,No,No,10.614,0.008,3,Yes
Yes,No,Yes,Yes,0.919,0.076,4,No
Yes,No,Yes,No,13.416,0.284,5,No
Yes,No,Yes,No,10.206,0.751,2,Yes
Yes,No,Yes,No,8.839,0.191,5,Yes
Yes,No,Yes,Yes,12.5,1.27,2,Yes
Yes,No,Yes,Yes,22.361,1.247,2,Yes
Yes,No,Yes,Yes,14.434,0.918,1,No
Yes,No,Yes,Yes,12.06,0.988,9,Yes
Yes,No,No,No,14,1.421,3,No
Yes,No,Yes,No,7.071,0.695,0,No
Yes,No,Yes,Yes,7.757,1.474,3,Yes
Yes,No,Yes,Yes,7.757,1.402,3,Yes
Yes,No,No,Yes,1.633,0.997,4,Yes
Yes,No,No,No,16.667,1.576,6,Yes
No,No,No,No,4,-0.753,4,No
Yes,No,No,Yes,8.944,1.509,2,Yes
Yes,No,Yes,No,13.75,-0.592,1,No
Yes,No,Yes,Yes,8.944,-0.682,2,Yes
Yes,No,No,No,8.485,1.315,5,Yes
Yes,No,No,No,8.485,0.205,5,Yes
Yes,No,No,No,8.485,0.321,5,Yes
Yes,No,Yes,No,8.165,1.402,3,Yes
Yes,No,Yes,No,8.165,0.934,3,Yes
Yes,No,Yes,Yes,6.94,-0.539,3,Yes
Yes,No,Yes,Yes,17,-0.272,2,Yes
Yes,No,Yes,Yes,8,0.243,0,Yes
Yes,No,Yes,No,6.868,0.438,6,No
Yes,No,No,No,10.614,1.161,4,Yes
Yes,No,No,Yes,13.88,0.913,3,Yes
Yes,No,No,Yes,17.321,0,2,Yes
Yes,No,No,Yes,11.5,-0.36,2,Yes
Yes,No,Yes,Yes,8.165,-0.329,3,Yes
Yes,No,Yes,Yes,8.165,-0.051,3,Yes
Yes,No,Yes,Yes,11.263,-0.269,6,Yes
Yes,No,Yes,Yes,11.263,-0.02,6,Yes
Yes,No,Yes,No,14.741,0.236,6,Yes
Yes,No,Yes,No,14.741,0.215,6,Yes
Yes,No,No,No,19.63,1.518,2,Yes
No,Yes,No,No,5,-0.126,3,No
Yes,No,No,No,5.367,1.158,8,Yes
Yes,No,Yes,No,8.083,-1.65,4,No
Yes,No,Yes,Yes,7.666,-0.704,4,Yes
No,No,No,No,9.208,-1.189,4,No
Yes,No,Yes,No,18,1.255,1,Yes
Yes,No,Yes,No,18,1.744,1,Yes
Yes,No,Yes,Yes,9.5,1.693,2,Yes
Yes,No,Yes,No,7.137,0.703,2,No
Yes,No,Yes,Yes,8.573,0.711,6,Yes
Yes,No,Yes,Yes,18,0.465,1,Yes
Yes,No,Yes,Yes,10.51,-0.149,4,Yes
Yes,No,No,Yes,15.011,0.991,4,Yes
Yes,No,Yes,No,8.689,1.373,3,Yes
Yes,No,Yes,No,10.392,0.253,2,Yes
Yes,No,Yes,No,10.104,1.641,0,Yes
No,No,No,No,6.205,-1.614,3,Yes
Yes,No,No,No,6.205,-1.657,3,Yes
Yes,No,No,Yes,4.919,0.093,2,Yes
Yes,No,Yes,No,7.603,0.025,2,Yes
Yes,No,No,No,2.57,-1.511,8,Yes
Yes,No,Yes,Yes,10.253,1.345,0,No
Yes,No,No,No,0,1.509,1,Yes
No,No,No,No,14,-0.289,2,No
No,Yes,No,No,8.573,0.254,3,No
Yes,No,No,No,5.814,0.157,2,Yes
Yes,No,Yes,No,13.864,1.661,2,Yes
No,No,Yes,No,8.533,-0.373,1,Yes
Yes,No,Yes,No,14.5,1.568,1,Yes
Yes,No,No,Yes,16.971,-0.182,0,Yes
Yes,No,Yes,Yes,3.13,0.673,3,No
No,No,Yes,Yes,3.13,0.171,3,No
Yes,No,Yes,No,21.939,1.643,1,Yes
Yes,No,Yes,Yes,11.18,0.194,2,Yes
No,No,Yes,No,17,1.285,2,Yes
Yes,No,Yes,No,10.5,0.407,1,No
Yes,No,Yes,No,13.081,0.956,2,Yes
Yes,No,No,No,13.5,0.917,1,Yes
Yes,No,No,No,17.889,0.966,2,Yes
Yes,No,Yes,No,20.412,1.231,3,Yes
Yes,Yes,Yes,No,3.536,-1.311,3,No
Yes,No,No,Yes,8.573,-0.186,3,No
Yes,No,Yes,Yes,13.416,0.307,2,Yes
No,No,Yes,Yes,6.261,0.186,3,No
Yes,No,Yes,Yes,5.367,-0.056,2,Yes
Yes,No,No,No,8.083,1.06,1,No
Yes,No,Yes,No,13.416,1.693,2,Yes
Yes,No,Yes,No,14.311,1.505,2,Yes
Yes,No,No,No,31.754,1.469,4,Yes
Yes,No,Yes,No,6.293,1.415,2,No
Yes,No,Yes,No,11.18,1.337,2,Yes
Yes,No,No,No,18.783,1.504,2,Yes
Yes,No,No,No,18.783,1.358,2,Yes
Yes,No,Yes,No,17.5,1.311,2,Yes
Yes,No,No,Yes,10.286,0.713,2,Yes
Yes,No,Yes,No,11.717,1.828,4,Yes
Yes,No,Yes,No,11.717,1.58,4,Yes
Yes,No,No,No,12.522,1.828,2,Yes
Yes,No,No,No,17.5,0.6,1,Yes
Yes,No,No,No,21.5,1.273,1,Yes
Yes,No,Yes,No,16.33,1.52,4,Yes
Yes,No,Yes,Yes,23.094,1.428,0,Yes
Yes,No,No,No,17.963,1.002,3,Yes
Yes,No,No,No,12.5,0.825,1,Yes
Yes,No,No,No,10.681,0.47,1,Yes
Yes,Yes,No,No,7.155,-0.405,3,Yes
Yes,Yes,No,No,7.155,-1.41,3,Yes
No,Yes,Yes,No,3.667,-1.469,6,Yes
Yes,Yes,Yes,Yes,10,0.568,4,Yes
Yes,No,No,No,9,-0.2,3,No
Yes,No,Yes,No,12.35,0.65,2,Yes
Yes,No,Yes,No,4.041,1.385,0,Yes
Yes,No,Yes,No,11.547,-0.231,0,Yes
Yes,No,Yes,No,4.082,0.188,3,Yes
No,No,No,Yes,4.899,-0.398,4,Yes
Yes,No,No,No,5.879,0.561,3,No
Yes,No,No,Yes,5.969,1.075,3,Yes
Yes,No,No,Yes,9.839,-0.961,2,No
Yes,No,No,Yes,9.839,-0.582,2,No
Yes,Yes,No,No,3.578,-0.597,2,Yes
Yes,No,No,No,15,-0.726,1,Yes
No,No,No,No,0.424,-0.355,4,No
Yes,No,No,Yes,13.5,-1.97,2,Yes
Yes,No,Yes,Yes,5.598,0.967,2,No
Yes,No,Yes,Yes,4.95,-0.233,5,Yes
Yes,No,No,Yes,3.761,0.243,3,Yes
Yes,No,Yes,No,3.761,-0.691,3,Yes
No,No,No,Yes,3.686,-1.524,7,Yes
Yes,No,No,No,33.541,1.373,2,Yes
Yes,No,Yes,No,15,1.15,1,Yes
Yes,No,Yes,No,5.485,1.542,3,Yes
Yes,No,Yes,Yes,16.738,-0.324,2,Yes
Yes,No,Yes,Yes,16.738,0.863,2,Yes
Yes,No,Yes,Yes,12,1.136,1,Yes
Yes,No,No,Yes,2.776,0.334,7,Yes
No,No,No,Yes,2.776,-1.208,7,Yes
No,Yes,No,No,1.581,-1.384,9,No
No,Yes,No,No,3.828,-0.93,4,No
Yes,Yes,No,Yes,9.5,-0.77,2,Yes
Yes,No,Yes,Yes,6.928,0.705,2,Yes
Yes,No,Yes,No,6,-0.099,1,Yes
No,No,Yes,Yes,12.522,-1.178,2,Yes
Yes,No,No,No,21.362,1.335,1,No
Yes,No,Yes,No,3.13,-1.066,4,No
Yes,No,No,No,11.547,0.543,0,Yes
Yes,No,Yes,Yes,4.619,0.799,3,No
Yes,No,No,No,6.047,0.585,4,Yes
Yes,No,No,No,6.047,-2.067,4,Yes
No,No,No,Yes,5.144,-1.581,3,No
No,No,No,No,7.5,0.059,1,Yes
No,No,Yes,No,10.2,-1.359,1,No
No,No,No,No,8.41,-1.273,3,No
No,No,No,Yes,15,-0.536,1,No
Yes,No,Yes,Yes,8.66,0.162,0,Yes
Yes,No,No,No,37.501,0.55,1,No
Yes,No,Yes,No,12.075,1.374,5,Yes
Yes,No,No,No,12.5,1.458,1,Yes
No,Yes,Yes,Yes,0.566,-0.149,7,No
Yes,No,No,No,15.652,1.454,2,Yes
Yes,Yes,Yes,No,4.082,-1.699,4,Yes
No,Yes,Yes,No,1.878,-1.656,2,Yes
Yes,No,Yes,Yes,10.286,0.273,2,Yes
Yes,No,No,No,8.485,1.164,4,No
Yes,No,Yes,No,12.021,0.243,0,Yes
Yes,No,No,No,9,-0.321,1,Yes
Yes,No,Yes,Yes,8.05,0.024,5,Yes
Yes,No,Yes,No,3.578,-1.476,2,No
Yes,No,No,No,16.1,1.456,2,Yes
Yes,No,No,No,16.1,0.505,2,Yes
Yes,No,No,No,1.039,-0.279,6,Yes
Yes,No,No,No,7.826,0.845,2,No
No,No,No,No,3.578,-0.726,6,No
Yes,No,No,Yes,7.615,0.061,3,No
Yes,No,Yes,No,10,1.596,3,Yes
Yes,No,Yes,Yes,6.261,1.409,5,No
Yes,No,Yes,Yes,6.261,0.947,3,No
Yes,No,Yes,No,4.472,1.287,2,Yes
Yes,No,Yes,No,4.472,0.238,2,Yes
Yes,No,Yes,No,15,1.401,1,Yes
Yes,No,No,No,15,0.674,1,Yes
Yes,Yes,No,No,3.182,-1.511,6,Yes
Yes,Yes,No,No,3.182,-1.118,6,No
No,Yes,No,No,3.182,-1.079,6,Yes
Yes,Yes,Yes,Yes,5.669,0.89,4,Yes
Yes,Yes,No,No,7.217,-0.972,5,No
Yes,No,Yes,Yes,6.261,1.001,4,No
Yes,No,Yes,No,13.856,-1.257,1,Yes
No,No,Yes,No,6.406,0.086,6,No
Yes,No,No,No,5.367,0.374,2,Yes
Yes,No,No,No,9,0.109,2,Yes
Yes,No,No,No,9,-0.082,2,Yes
No,No,No,Yes,10.607,0.265,1,No
Yes,No,No,No,5.715,1.204,3,No
Yes,No,Yes,Yes,21.362,1.667,2,Yes
No,No,No,No,6.708,0,8,Yes
Yes,No,Yes,No,10.286,-0.574,2,Yes
Yes,No,No,No,25,0.468,3,Yes
No,No,No,Yes,10,0.222,3,Yes
Yes,No,No,No,14.289,1.277,3,Yes
Yes,No,Yes,No,12.247,0.549,3,Yes
Yes,Yes,Yes,No,4.95,-0.912,5,Yes
Yes,No,Yes,Yes,0,0.364,3,Yes
Yes,No,No,No,4.619,0.197,1,Yes
Yes,No,No,No,5,1.535,3,No
Yes,Yes,No,No,5.367,0.941,4,No
No,No,No,No,4.919,-1.094,4,No
Yes,No,Yes,No,13.279,1.201,1,No
No,No,No,No,11.18,-1.057,2,Yes
Yes,No,Yes,Yes,5.774,0.041,1,No
Yes,No,Yes,No,15.652,0.513,2,Yes
Yes,No,Yes,Yes,8.7,1.214,1,No
Yes,Yes,Yes,No,23,1.538,1,Yes
Yes,Yes,Yes,No,6,0.48,2,No
Yes,Yes,No,No,3.354,0.499,4,No
No,No,Yes,No,3.062,-1.791,4,Yes
Yes,No,Yes,Yes,6.708,-0.423,2,Yes
Yes,No,Yes,Yes,3.462,0.213,4,No
Yes,Yes,Yes,No,15.652,0.47,2,No
Yes,No,No,No,18.5,0,1,No
Yes,No,No,No,16.166,1.137,1,Yes
Yes,No,Yes,Yes,5.196,-0.396,1,No
Yes,No,No,No,2.012,-1.485,3,No
Yes,No,Yes,No,17.321,1.267,2,Yes
Yes,No,Yes,No,11.339,0.16,4,Yes
Yes,No,No,Yes,13.279,0.006,0,Yes
Yes,No,Yes,Yes,11.547,1.105,3,No
Yes,No,No,No,13,0.03,1,Yes
Yes,No,Yes,Yes,12.5,0.985,3,Yes
Yes,No,No,No,5.824,0.68,10,Yes
Yes,No,No,No,2.254,1.194,2,Yes
Yes,No,No,Yes,15,0.11,2,Yes
No,No,No,No,11.547,-0.586,6,No
Yes,No,Yes,Yes,10,1.187,2,No
No,No,No,No,2.268,-1.104,5,No
No,No,No,No,2.268,-1.865,5,No
Yes,No,No,No,6.5,0.829,3,No
Yes,No,Yes,No,10,-0.967,1,Yes
Yes,No,No,No,20,0.708,1,Yes
Yes,No,No,No,20,0.211,1,Yes
Yes,No,Yes,No,20.412,1.417,3,Yes
Yes,No,Yes,No,6.351,-0.565,1,No
Yes,No,Yes,No,11.18,0.362,2,Yes
No,No,Yes,No,2.828,-0.499,2,Yes
Yes,No,No,No,12.355,1.46,6,No
Yes,No,No,No,13.229,0.824,4,Yes
Yes,No,No,No,22.361,0.862,2,Yes
Yes,No,Yes,No,12.522,-0.538,2,Yes
Yes,No,Yes,Yes,0.894,1.388,2,Yes
Yes,No,No,No,4.965,0.167,6,Yes
Yes,No,Yes,No,20,1.04,1,Yes
Yes,No,No,Yes,12.5,0.891,1,Yes
Yes,No,No,No,11.18,0.85,3,Yes
Yes,No,No,No,13.416,1.296,2,Yes
Yes,No,Yes,No,11.18,0.47,2,Yes
Yes,No,No,No,35,0.458,1,Yes
No,Yes,No,No,6.957,-1.423,7,Yes
Yes,No,Yes,Yes,12.5,0.005,1,Yes
Yes,No,Yes,No,3.831,-0.718,5,Yes
No,No,No,Yes,1.49,-1.072,1,No
Yes,No,Yes,Yes,13.856,-0.218,0,Yes
Yes,No,No,No,8.05,-1.051,5,Yes
Yes,No,No,No,6.928,0.437,6,No
Yes,No,Yes,Yes,14.289,0.363,3,Yes
Yes,No,No,No,16,1.828,1,Yes
Yes,No,No,No,11.5,1.429,1,Yes
Yes,No,Yes,Yes,13.5,0.592,3,Yes
Yes,No,Yes,No,9.238,0.393,3,Yes
No,No,No,No,4.023,-1.25,8,No
Yes,No,No,No,3.024,-0.81,4,Yes
Yes,No,No,No,10.5,-1.314,1,Yes
Yes,No,Yes,Yes,12.522,0.836,4,Yes
Yes,No,Yes,Yes,6.124,1.295,3,Yes
Yes,No,Yes,Yes,6.124,0.582,3,Yes
No,No,Yes,No,12.075,1.329,2,Yes
Yes,No,Yes,No,19,0.913,1,Yes
Yes,No,No,No,7.5,0.265,1,Yes
Yes,No,No,No,5,1.407,6,No
Yes,No,No,No,9.827,1.213,4,Yes
Yes,No,No,No,9.827,1.264,4,Yes
Yes,No,No,No,9.827,1.396,4,Yes
Yes,No,No,No,9.827,1.319,4,Yes
Yes,No,No,Yes,3.78,1.392,2,Yes
Yes,No,Yes,Yes,8.165,0.147,5,No
Yes,No,No,Yes,8.165,1.079,3,Yes
Yes,No,Yes,No,5.374,1.292,2,No
Yes,No,No,Yes,5,0.083,3,Yes
Yes,No,Yes,No,5.715,-1.103,3,Yes
Yes,No,Yes,No,6.94,0.64,3,No
Yes,No,Yes,No,6.94,0.635,3,No
Yes,No,Yes,Yes,13.741,1.013,1,Yes
Yes,No,Yes,Yes,7.115,-0.602,3,No
Yes,No,Yes,Yes,7.115,1.268,8,No
Yes,No,Yes,Yes,4.84,1.02,3,Yes
Yes,No,Yes,No,10.733,0.945,2,Yes
Yes,No,Yes,No,8.165,0.746,5,Yes
Yes,No,Yes,No,10.33,-0.367,1,Yes
Yes,No,No,Yes,4.4,0.899,2,Yes
Yes,No,Yes,Yes,6.124,1.133,3,Yes
Yes,No,Yes,Yes,6.124,0.196,3,Yes
No,No,No,No,5.544,-1.392,7,No
No,No,No,No,4.041,-0.907,7,Yes
No,No,No,No,3.176,-1.518,6,Yes
Yes,No,No,No,2.907,-0.978,4,Yes
Yes,Yes,Yes,Yes,2.885,0.535,2,No
No,No,No,No,4.157,-0.747,9,Yes
No,No,Yes,No,8.497,-1.331,2,Yes
Yes,No,No,No,37.501,1.073,2,Yes
Yes,No,No,No,43.302,0.414,2,Yes
Yes,No,No,No,22.5,1.215,1,Yes
Yes,Yes,Yes,Yes,8.944,0.461,2,Yes
Yes,No,No,No,43.302,1.828,1,Yes
No,No,No,No,7,-0.401,2,No
Yes,No,No,No,2.776,-1.476,5,Yes
Yes,No,Yes,Yes,11.18,0.401,2,Yes
Yes,No,No,No,11.5,1.006,1,Yes
Yes,No,Yes,Yes,11.5,0.24,1,Yes
Yes,No,No,No,11.547,0.378,1,No
Yes,No,Yes,No,5.883,-0.609,6,Yes
Yes,No,Yes,Yes,9.391,-0.515,2,Yes
Yes,No,Yes,No,7.071,-0.875,8,Yes
No,No,No,No,4.738,0,1,No
Yes,No,Yes,Yes,1.768,0.755,1,Yes
Yes,No,No,No,11.5,0.267,3,Yes
Yes,No,Yes,No,17.1,0.375,2,No
Yes,No,No,No,12.374,1.541,0,No
Yes,No,No,Yes,8.05,1.12,2,Yes
Yes,No,Yes,No,8.497,0.917,2,Yes
Yes,No,Yes,Yes,5.367,-0.393,5,No
Yes,No,Yes,Yes,5.67,1.164,1,No
Yes,No,Yes,Yes,7.917,-0.632,4,Yes
Yes,No,Yes,Yes,7.917,0.592,4,Yes
Yes,No,Yes,No,1.782,0.665,1,No
Yes,No,Yes,No,5.081,-1.098,3,Yes
Yes,Yes,No,No,4.92,0.179,4,Yes
Yes,No,Yes,Yes,10.286,-0.304,6,Yes
Yes,No,No,Yes,11.18,-0.916,2,Yes
Yes,No,No,Yes,6.124,-1.17,3,Yes
Yes,No,No,No,8.944,0.687,2,Yes
No,No,No,No,10.96,-0.92,5,No
Yes,Yes,No,No,4,0.74,6,Yes
Yes,No,No,No,6.708,0.581,2,Yes
Yes,No,No,No,6.708,1.118,2,Yes
Yes,No,No,No,15,0.039,3,Yes
Yes,No,Yes,No,12,-0.042,4,No
Yes,No,Yes,Yes,12,-0.634,4,No
Yes,No,Yes,Yes,9.238,0.284,2,No
No,No,No,No,4.619,-1.057,5,Yes
Yes,No,No,No,2.773,-0.588,6,Yes
Yes,No,No,No,3.266,0.113,4,Yes
Yes,No,Yes,No,3.001,-0.963,3,Yes
Yes,No,No,No,0,0.069,2,Yes
Yes,No,No,No,11.547,-0.755,6,No
Yes,No,No,No,7.181,1.223,4,No
Yes,No,Yes,Yes,5.5,1.166,4,No
Yes,No,No,No,5.92,1.643,2,Yes
No,No,No,No,4.75,-1.247,3,Yes
Yes,No,Yes,Yes,6.798,-0.536,4,Yes
Yes,No,Yes,Yes,12.247,0.782,3,Yes
Yes,No,No,No,5.367,0.566,2,Yes
Yes,No,No,No,5.367,-0.618,2,Yes
Yes,No,Yes,Yes,5.1,0.856,1,Yes
No,No,No,No,4.233,0.044,0,Yes
No,No,No,Yes,8.165,-0.25,3,Yes
Yes,No,No,Yes,8.165,-0.6,3,Yes
Yes,No,No,Yes,8.165,-0.828,3,Yes
Yes,No,No,No,8.165,1.307,3,Yes
Yes,No,No,No,12.728,0.472,3,Yes
Yes,No,No,Yes,12.522,0.42,8,Yes
Yes,No,Yes,No,9.365,0.896,3,Yes
Yes,No,Yes,Yes,6.708,0.75,2,Yes
Yes,No,Yes,Yes,6.708,0.568,2,Yes
Yes,No,No,No,3.578,0.963,3,Yes
Yes,No,No,No,1.695,0.608,1,Yes
No,No,Yes,No,5,-0.762,1,Yes
Yes,No,No,No,8.66,1.105,0,Yes
Yes,No,No,No,2.828,1.172,5,Yes
Yes,No,No,No,2.828,0.546,5,Yes
Yes,No,Yes,Yes,5.715,1.494,3,Yes
Yes,No,Yes,Yes,5.715,1.498,3,Yes
No,No,No,No,2.531,-1.73,4,Yes
Yes,No,Yes,Yes,5.59,0.85,2,Yes
Yes,No,No,No,6.425,1.571,4,Yes
Yes,No,No,No,6.425,1.36,4,Yes
Yes,No,No,No,8.944,-0.27,2,Yes
Yes,No,No,Yes,2,-1.625,4,Yes
No,No,No,No,3.578,-1.285,3,Yes
Yes,No,No,No,8.497,-0.137,3,Yes
No,No,No,No,5.335,-1.781,7,Yes
Yes,No,No,No,3.024,-0.56,4,Yes
No,No,No,No,1.191,-1.505,5,Yes
Yes,No,No,No,1.991,0.319,10,Yes
Yes,Yes,Yes,No,1.461,-0.551,5,No
Yes,No,Yes,Yes,17.25,-0.552,1,Yes
Yes,No,Yes,Yes,17.25,0.36,1,Yes
Yes,No,Yes,No,10.451,0.23,2,Yes
Yes,No,Yes,No,9,0.128,1,Yes
Yes,No,Yes,No,2.907,1.006,2,Yes
Yes,No,Yes,No,7.5,0.506,1,Yes
Yes,No,No,No,3.969,0.084,4,Yes
No,No,No,No,4.419,-1.584,5,No
No,No,No,No,6.333,-1.608,9,Yes
Yes,Yes,No,No,1.508,-1.069,11,Yes
Yes,Yes,No,No,1.508,0.702,11,Yes
Yes,No,Yes,Yes,12.611,-0.192,1,Yes
Yes,No,Yes,No,6.928,1.241,2,Yes
No,No,Yes,No,8.573,-0.094,3,No
No,No,No,No,4.246,-1.291,3,Yes
Yes,No,No,No,2.356,-1.923,3,Yes
Yes,No,Yes,Yes,4.503,1.32,4,Yes
Yes,No,No,Yes,8.315,0.502,3,Yes
No,No,No,Yes,8.315,-0.303,3,Yes
Yes,No,Yes,No,3.464,-0.664,0,Yes
Yes,No,Yes,No,18,-0.113,1,Yes
No,No,No,No,1.5,-1.015,2,Yes
Yes,Yes,No,No,6.973,-0.434,4,Yes
Yes,No,No,No,5.196,-1.737,1,Yes
Yes,Yes,No,No,4.919,-1.062,2,Yes
Yes,Yes,Yes,Yes,3.618,-1.786,8,Yes
Yes,Yes,Yes,Yes,9.449,0.373,4,Yes
Yes,No,Yes,No,8.944,0.183,2,Yes
Yes,No,Yes,No,8.944,-0.219,2,Yes
Yes,No,No,Yes,10.607,0.529,3,Yes
Yes,Yes,No,Yes,5.099,-1.179,3,Yes
Yes,No,Yes,Yes,5.196,0.436,2,No
Yes,No,No,Yes,14.434,1.312,4,Yes
Yes,No,No,No,22.5,1.065,2,Yes
Yes,No,Yes,Yes,21.637,0.777,3,Yes
Yes,No,Yes,No,5.5,0.063,1,Yes
Yes,No,Yes,No,6.505,0.957,3,No
Yes,No,No,No,8.165,0.319,6,No
Yes,No,Yes,Yes,2.557,0.028,3,No
Yes,Yes,No,No,4.249,-0.329,2,Yes
Yes,Yes,Yes,No,4.9,-0.694,5,No
Yes,Yes,Yes,Yes,6,-0.238,1,Yes
No,Yes,No,No,3.406,-1.366,7,No
Yes,Yes,Yes,No,6.803,1.432,5,Yes
Yes,Yes,No,Yes,15.285,1.043,4,Yes
No,Yes,No,No,5.052,-1.402,4,Yes
Yes,Yes,No,Yes,4.899,-1.351,2,Yes
No,Yes,No,No,13.607,-1.503,7,Yes
Yes,Yes,No,Yes,8.165,1.031,2,Yes
Yes,Yes,No,No,8.165,-0.365,4,Yes
No,Yes,No,No,1.273,-1.357,5,No
Yes,Yes,Yes,No,9.961,-0.347,3,Yes
Yes,Yes,No,Yes,6.532,-0.139,6,Yes
Yes,No,Yes,Yes,5.58,-1.575,5,Yes
Yes,Yes,No,No,10.614,1.108,3,Yes
Yes,Yes,No,No,6.364,-0.333,5,Yes
Yes,No,Yes,Yes,3.5,0.715,1,No
Yes,Yes,Yes,No,12.5,-0.031,3,Yes
Yes,Yes,No,Yes,3.593,-0.579,7,No
Yes,Yes,Yes,Yes,8,-0.478,4,Yes
No,Yes,No,No,2.944,-1.122,3,No
No,Yes,No,No,1.159,-1.741,3,No
Yes,Yes,Yes,Yes,4.243,-0.394,0,No
Yes,Yes,Yes,Yes,5.814,-0.694,2,Yes
No,Yes,No,Yes,3,-1.433,5,No
No,Yes,Yes,Yes,2.828,-1.793,1,No
Yes,Yes,No,Yes,5.303,-0.338,2,No
No,Yes,No,No,5.5,-0.834,4,No
Yes,Yes,No,No,3.801,-1.132,1,Yes
Yes,Yes,No,No,2.096,-0.041,5,No
Yes,Yes,Yes,Yes,7.865,-1.24,1,Yes
Yes,Yes,No,Yes,2.055,-1.636,8,No
No,Yes,No,Yes,2.055,-1.303,8,No
No,Yes,Yes,Yes,10.607,-1.363,5,No
Yes,Yes,Yes,No,4,0,1,No
Yes,Yes,Yes,Yes,4.899,-0.056,4,No
No,Yes,No,No,3.017,-1.081,12,Yes
No,Yes,No,No,2.33,-1.568,1,No
Yes,No,Yes,Yes,1.245,-1.662,4,No
Yes,Yes,Yes,No,7.348,-0.187,7,Yes
Yes,Yes,Yes,No,7.348,-1.112,7,Yes
No,Yes,No,No,0.787,-0.877,4,No
No,Yes,No,No,0.787,-1.888,4,Yes
Yes,Yes,Yes,Yes,5.367,-0.147,4,Yes
Yes,Yes,No,Yes,11.717,0.555,4,Yes
Yes,Yes,No,Yes,5.594,-0.934,4,No
Yes,Yes,No,Yes,4.472,0.001,3,Yes
Yes,Yes,No,Yes,4.792,-0.101,2,No
Yes,Yes,No,No,10.607,-0.516,3,No
Yes,Yes,No,Yes,4.8,-1.797,2,Yes
Yes,Yes,No,No,10.733,-1.684,2,Yes
No,Yes,No,No,1.134,-1.63,5,No
Yes,Yes,Yes,No,1.342,-0.649,2,Yes
Yes,Yes,Yes,No,1.342,0.251,2,Yes
Yes,Yes,No,No,1.732,-1.139,3,Yes
Yes,Yes,No,No,5.715,-1.633,9,Yes
Yes,Yes,No,No,3.674,-1.739,6,Yes
Yes,Yes,Yes,Yes,3.674,-1.992,6,Yes
Yes,Yes,Yes,No,5.276,-1,8,Yes
No,Yes,Yes,No,5.276,-0.683,8,Yes
No,Yes,Yes,No,5.276,-1.085,8,Yes
Yes,Yes,Yes,Yes,7.603,-0.946,2,No
No,Yes,No,No,3.042,-1.8,2,No
Yes,Yes,Yes,Yes,4.039,-1.098,6,No
Yes,Yes,Yes,No,6.425,0.006,5,No
Yes,Yes,No,No,6.01,0.541,0,No
Yes,Yes,No,No,2.694,-0.885,7,No
Yes,Yes,Yes,No,0.707,-0.756,6,Yes
Yes,Yes,No,No,3.479,-0.79,13,Yes
Yes,Yes,No,Yes,1.633,-0.465,4,No
Yes,No,No,No,3.674,-1.387,3,Yes
Yes,Yes,Yes,No,4,-0.945,1,Yes
Yes,Yes,No,No,7.621,0.233,6,Yes
Yes,Yes,No,Yes,2.721,-1.05,3,Yes
Yes,Yes,No,Yes,1.897,-0.153,6,No
Yes,Yes,No,No,3.175,-1.302,4,No
No,Yes,No,No,5.443,-1.168,4,Yes
Yes,Yes,No,No,4.251,-1.301,17,Yes
Yes,Yes,No,No,1.259,0.491,7,No
Yes,Yes,No,No,3.415,-0.61,8,No
Yes,Yes,No,No,3.002,-0.148,7,No
Yes,Yes,No,Yes,1.939,-1.068,3,No
Yes,Yes,No,Yes,2.574,-1.802,3,No
No,Yes,No,No,2.449,-1.237,5,No
Yes,Yes,No,No,5.5,-0.59,4,Yes
No,Yes,Yes,Yes,3.266,-1.426,2,No
Yes,Yes,No,No,0.996,-0.136,4,No
Yes,Yes,Yes,Yes,2.236,0.651,3,Yes
Yes,Yes,Yes,No,5.774,-0.724,12,Yes
Yes,Yes,No,No,0.265,1.227,11,No
Yes,Yes,No,No,2.453,-0.934,5,Yes
Yes,Yes,No,Yes,2.453,-1.199,6,No
Yes,Yes,No,Yes,2.242,0,-3,No
Yes,No,No,No,3.005,-0.931,5,Yes
Yes,Yes,No,No,5.814,-1.278,6,Yes
Yes,Yes,No,No,10.84,-0.118,9,No
Yes,Yes,No,No,2.297,-0.978,9,Yes
Yes,Yes,Yes,Yes,7.647,-0.323,4,Yes
Yes,Yes,No,No,3.708,-0.102,3,Yes
Yes,Yes,No,No,2.539,-0.796,5,No
Yes,Yes,No,Yes,2.735,-0.745,4,No
Yes,Yes,No,No,3.394,1.311,0,No
Yes,Yes,Yes,No,2.268,-0.519,5,No
Yes,No,No,No,2.508,0.613,1,No
Yes,Yes,No,No,3.266,-0.516,4,No
Yes,Yes,No,No,2.035,-1.13,5,No
Yes,Yes,No,No,2.366,-0.891,8,No
No,Yes,No,No,2.366,-0.746,7,No
Yes,Yes,No,No,2.683,0.127,5,No
No,Yes,No,No,3,-1.322,2,No
Yes,Yes,Yes,Yes,2.404,-1.438,8,Yes
No,Yes,Yes,Yes,2.498,-0.114,4,No
Yes,Yes,No,No,3.92,-0.509,14,No
Yes,Yes,Yes,Yes,4.688,0,4,No
Yes,Yes,No,Yes,2.957,-1.308,1,No
No,Yes,No,No,3.22,-1.762,11,No
Yes,Yes,No,No,12.374,0.882,2,No
Yes,Yes,No,No,2.546,1.184,7,No
Yes,No,No,No,3.249,-1.28,8,No
Yes,Yes,Yes,No,7.603,-0.189,2,Yes
No,Yes,No,Yes,3.264,-1.084,5,Yes
Yes,Yes,No,No,3.264,-1.182,4,No
Yes,Yes,No,No,1.92,-0.953,3,No
Yes,No,Yes,No,2.375,0,4,No
Yes,Yes,No,Yes,2.03,-0.604,5,No
Yes,Yes,Yes,No,5.196,-0.181,4,No
Yes,Yes,No,Yes,8.7,0.069,2,No
Yes,No,Yes,Yes,7.155,-0.045,2,Yes
Yes,Yes,No,No,1.282,0.947,1,No
Yes,Yes,No,No,2.458,0.764,4,Yes
Yes,Yes,Yes,No,0.831,-0.874,2,No
Yes,Yes,Yes,Yes,10.041,0.039,7,No
Yes,Yes,Yes,Yes,18.475,0.822,1,Yes
Yes,Yes,No,Yes,2.114,0.243,1,No
Yes,Yes,Yes,Yes,2.114,1.055,1,No
Yes,Yes,No,Yes,2.123,0,2,No
Yes,Yes,No,Yes,10.614,0.011,5,Yes
No,Yes,Yes,Yes,14.5,-0.7,3,No
Yes,Yes,No,Yes,3,-0.507,2,No
Yes,Yes,No,No,3,-1.147,2,No
Yes,Yes,No,No,8.5,-0.631,4,No
No,No,Yes,Yes,6.325,-1.672,7,Yes
Yes,Yes,Yes,No,9.615,0.463,5,No
Yes,Yes,No,No,4.596,-0.605,0,No
Yes,Yes,No,No,5.411,0.337,2,Yes
Yes,No,No,No,5.411,-0.663,2,Yes
Yes,Yes,No,No,9.394,-1.154,3,No
Yes,Yes,Yes,No,5.774,0.037,3,Yes
Yes,Yes,No,No,15,0.165,6,Yes
Yes,Yes,Yes,No,8.165,-0.661,3,Yes
Yes,Yes,Yes,No,8.165,-1.253,3,Yes
Yes,Yes,Yes,No,3.13,0.016,2,Yes
Yes,Yes,No,Yes,1.564,-0.438,8,No
Yes,Yes,No,Yes,7.634,0.048,3,Yes
Yes,Yes,No,Yes,3.704,-0.119,5,No
Yes,Yes,No,No,3.704,-0.612,5,No
Yes,Yes,Yes,No,8.693,-0.338,6,Yes
Yes,Yes,No,No,2.268,-0.734,7,Yes
Yes,Yes,No,No,2.268,-1.46,6,Yes
Yes,Yes,No,Yes,7.757,-1.769,3,Yes
Yes,Yes,No,No,19,0.266,3,Yes
Yes,Yes,No,No,2,-0.173,2,Yes
No,Yes,No,Yes,2.687,-1.105,16,No
Yes,Yes,Yes,Yes,3.753,1.017,1,No
Yes,Yes,No,No,25,1.562,2,Yes
Yes,Yes,Yes,No,12.075,-0.513,8,No
Yes,Yes,Yes,Yes,7.506,-0.539,3,Yes
Yes,Yes,No,No,8.083,-1.535,4,No
No,Yes,No,No,8.083,-1.12,4,No
Yes,Yes,Yes,Yes,9.815,1.124,0,Yes
Yes,No,No,Yes,7.559,0.422,4,No
No,No,No,No,1.25,-0.708,4,No
No,Yes,No,No,3.479,-0.984,6,Yes
Yes,Yes,Yes,Yes,8.165,1.167,3,Yes
Yes,Yes,Yes,Yes,6.047,-0.698,5,No
No,Yes,Yes,Yes,6.532,-1.114,5,No
Yes,Yes,No,Yes,3.5,1.01,2,No
Yes,Yes,No,Yes,3.5,-0.919,2,No
No,Yes,No,No,4.536,0,10,Yes
Yes,Yes,No,No,1.667,-1.326,6,No
No,Yes,No,No,3.13,-0.125,6,No
Yes,Yes,No,No,8.944,0.713,2,Yes
Yes,Yes,Yes,Yes,2.858,0.092,4,Yes
No,Yes,No,No,4.082,-1.556,4,No
No,Yes,Yes,No,2.121,-1.071,8,Yes
Yes,Yes,No,Yes,3.536,-1.194,6,Yes
Yes,Yes,No,Yes,3.536,-1.029,9,Yes
Yes,Yes,No,No,4.025,-0.265,4,No
Yes,Yes,No,No,2.97,-0.637,1,No
Yes,Yes,Yes,No,2.041,-0.992,4,Yes
No,Yes,No,Yes,5.367,-1.616,3,No
No,Yes,No,Yes,6.803,-0.57,9,No
Yes,Yes,No,No,5.692,-0.547,8,Yes
Yes,Yes,Yes,No,7.5,0.268,1,Yes
Yes,Yes,No,No,7.5,-0.217,6,Yes
Yes,Yes,No,No,7.5,-1.414,7,Yes
No,Yes,Yes,No,4.061,-1.595,3,No
Yes,Yes,No,No,3.421,1.024,5,Yes
Yes,Yes,No,No,3.421,1.524,5,Yes
Yes,Yes,No,No,8,-0.179,2,No
No,Yes,Yes,No,9.324,-1.573,0,Yes
Yes,Yes,No,No,3.674,-1.279,8,Yes
Yes,Yes,No,No,3.735,-1.591,7,Yes
Yes,Yes,No,Yes,3.47,-1.195,3,Yes
Yes,Yes,Yes,Yes,0.894,-0.948,2,Yes
Yes,Yes,No,No,16.1,0.49,2,Yes
Yes,Yes,No,No,12.5,1.094,5,Yes
Yes,Yes,Yes,Yes,8.944,0.304,2,Yes
Yes,No,No,No,4,0.436,2,No
Yes,No,Yes,No,14.434,1.114,3,Yes
Yes,No,Yes,No,12.522,1.687,2,Yes
No,Yes,No,No,2.342,-0.851,4,Yes
No,Yes,No,No,2.939,-1.896,7,Yes
No,Yes,No,No,6.957,-1.435,11,Yes
Yes,Yes,No,Yes,0,-1.475,3,Yes
Yes,Yes,Yes,Yes,5.814,-0.372,2,Yes
Yes,Yes,Yes,Yes,20.496,-0.057,0,Yes
Yes,Yes,No,No,5.715,-0.273,4,Yes
Yes,Yes,No,Yes,4.695,0,7,Yes
Yes,Yes,Yes,No,2.631,-1.091,7,Yes
Yes,Yes,Yes,Yes,6.235,-0.357,2,Yes
Yes,Yes,No,No,5.774,-1.182,1,No
No,No,No,No,4.5,-1.309,2,No
Yes,Yes,No,No,5.774,-1.704,4,No
No,Yes,No,No,1.274,-1.837,11,No
Yes,Yes,Yes,Yes,6.2,1.667,1,Yes
Yes,No,No,Yes,10.5,1.303,1,Yes
Yes,No,No,Yes,10.5,1.096,1,Yes
Yes,No,No,No,9.798,-0.68,2,Yes
No,No,Yes,Yes,6.5,-0.927,3,No
Yes,No,No,No,26.386,1.537,2,Yes
Yes,No,No,No,3.503,-0.276,3,Yes
Yes,No,No,No,8.5,0.549,1,Yes
No,No,No,No,4,0.545,3,No
Yes,No,No,No,4,0.725,3,No
Yes,Yes,No,No,3.5,0,2,No
Yes,No,Yes,Yes,14.311,-0.605,2,Yes
Yes,Yes,No,No,12.522,-1.501,2,Yes
Yes,Yes,No,Yes,5,0.618,5,No
Yes,Yes,No,No,2.041,-0.342,5,Yes
Yes,Yes,Yes,Yes,0.751,-1.294,3,No
Yes,Yes,Yes,Yes,0.751,-1.816,3,No
Yes,Yes,No,No,3.182,0.422,12,No
Yes,Yes,No,No,5.485,-0.139,5,Yes
Yes,Yes,Yes,Yes,7.5,-0.425,2,Yes
Yes,Yes,No,No,0,-1.48,3,No
Yes,Yes,No,Yes,9,-0.802,1,Yes
Yes,Yes,Yes,No,8.944,-0.925,2,Yes
Yes,Yes,Yes,Yes,9.526,-0.975,2,No
Yes,Yes,No,No,8.497,-0.145,2,Yes
Yes,Yes,Yes,No,5.389,-0.035,3,Yes
Yes,Yes,Yes,No,5.389,-0.172,3,Yes
Yes,Yes,No,No,5.667,-1.01,5,Yes
Yes,Yes,No,No,1.667,0.111,6,No
No,Yes,No,No,1.768,-0.868,6,Yes
Yes,Yes,No,No,1.768,-1.333,6,Yes
Yes,No,No,No,15,1.158,13,Yes
Yes,No,No,No,15,1.226,12,Yes
Yes,Yes,No,Yes,8,0.982,1,Yes
Yes,Yes,No,No,9.839,-1.333,2,Yes
Yes,Yes,No,No,2.737,-0.807,2,Yes
Yes,Yes,No,No,12,-0.299,1,Yes
No,Yes,No,No,3.674,-1.781,5,Yes
Yes,Yes,No,No,6.762,-0.887,4,Yes
Yes,Yes,No,No,3.436,-1.439,4,Yes
No,Yes,No,No,2.5,-1.989,2,No
No,Yes,No,Yes,0.9,-1.398,8,No
Yes,Yes,Yes,No,6.93,1.242,0,No
Yes,Yes,Yes,Yes,7,-0.29,2,No
Yes,Yes,No,Yes,7.071,-1.321,6,Yes
No,Yes,No,No,9.815,-1.39,0,Yes
Yes,Yes,No,No,11.18,-0.037,4,Yes
Yes,No,Yes,No,15.91,0.057,3,Yes
Yes,Yes,No,No,4.5,-1.119,9,Yes
Yes,Yes,No,No,5,-1.475,7,Yes
No,Yes,No,No,4.859,0.171,4,No
No,Yes,No,Yes,0.976,-1.547,2,No
Yes,Yes,No,No,3.408,0.072,2,No
Yes,No,Yes,Yes,7,-0.122,2,No
Yes,Yes,No,No,1.556,0.198,4,No
No,Yes,No,No,1.556,-1.118,4,No
No,Yes,No,No,2.683,0,9,No
Yes,Yes,No,No,4.455,0.555,8,Yes
Yes,Yes,No,No,5.168,0.458,4,Yes
Yes,Yes,Yes,Yes,13.416,0.818,2,Yes
Yes,Yes,Yes,Yes,13.416,-0.383,2,Yes
No,Yes,No,No,3.266,-0.242,3,Yes
No,Yes,No,No,3.266,-0.607,3,Yes
No,Yes,No,No,1.512,-0.627,7,Yes
Yes,Yes,No,Yes,13.5,-0.906,6,No
Yes,Yes,Yes,No,10.206,-0.28,3,Yes
Yes,Yes,Yes,No,1.225,1.109,4,Yes
Yes,Yes,No,Yes,11,-0.338,1,No
Yes,Yes,Yes,No,4.5,-0.23,1,Yes
No,Yes,No,No,6.667,-1.208,9,Yes
Yes,Yes,No,No,13.5,-0.398,1,Yes
Yes,Yes,No,No,1.837,-0.064,3,Yes
No,Yes,No,No,1.837,-0.946,3,Yes
Yes,Yes,No,Yes,13.856,-0.847,0,Yes
No,Yes,No,No,2.4,-1.438,6,Yes
No,Yes,Yes,No,6,-1.498,4,Yes
Yes,No,Yes,No,6.708,0.458,2,Yes
Yes,Yes,No,No,8.67,0.151,3,Yes
No,No,Yes,Yes,4.082,0.23,3,No
Yes,Yes,No,No,2.646,-0.079,5,No
Yes,Yes,No,No,9.827,-0.222,5,Yes
Yes,Yes,No,No,1.5,0.824,1,Yes
No,Yes,No,No,7.348,0.177,5,Yes
Yes,Yes,Yes,No,12.5,-0.8,3,Yes
No,Yes,No,No,4.914,-1.708,3,No
Yes,Yes,No,No,2.948,-1.667,5,Yes
Yes,No,Yes,No,14.087,0.351,2,Yes
Yes,Yes,No,Yes,10.206,1.064,3,Yes
No,No,No,No,10.206,-0.257,3,Yes
Yes,No,No,No,4.025,-0.952,2,Yes
Yes,Yes,Yes,No,4.919,0.184,2,Yes
Yes,Yes,Yes,No,4,-0.771,3,Yes
Yes,Yes,Yes,Yes,5.657,-0.802,0,Yes
No,Yes,No,Yes,2.656,-1.582,7,No
Yes,Yes,Yes,Yes,2.53,-0.979,6,No
Yes,Yes,No,No,5.501,0.817,2,Yes
No,Yes,No,No,1.225,-0.413,4,Yes
Yes,Yes,No,No,12.522,-0.82,2,Yes
Yes,Yes,No,No,3.182,0.95,10,Yes
No,Yes,No,No,2.84,0,6,Yes
Yes,Yes,No,No,4.472,-0.507,4,Yes
Yes,Yes,No,No,1.155,0.519,7,No
Yes,Yes,No,No,9.942,0.118,7,Yes
Yes,Yes,Yes,No,37.501,0.027,2,Yes
Yes,Yes,No,No,1.206,-0.414,7,Yes
No,Yes,No,No,1.206,-1.417,7,Yes
No,Yes,No,No,3.552,-0.243,4,Yes
Yes,Yes,No,Yes,8.05,0.401,2,Yes
Yes,Yes,No,No,5.303,0,8,Yes
Yes,Yes,No,No,3.78,-0.21,4,No
No,Yes,No,No,5.456,-0.887,4,Yes
Yes,Yes,No,No,4.743,0.236,7,Yes
Yes,Yes,No,No,4.743,-0.785,7,Yes
Yes,No,No,No,17.5,0.225,1,Yes
Yes,Yes,Yes,Yes,5.5,-1.632,2,No
Yes,Yes,No,No,5.586,-0.352,5,Yes
No,Yes,No,No,6.325,-1.124,7,Yes
Yes,Yes,No,No,3.78,-0.57,4,No
Yes,No,No,No,3.78,-0.315,4,Yes
Yes,Yes,Yes,Yes,3.674,-1.294,2,Yes
Yes,No,No,No,8.497,0.295,2,Yes
Yes,Yes,No,No,1,-0.86,6,Yes
Yes,Yes,No,No,2.828,-1.295,9,No
Yes,Yes,No,No,4.596,-0.064,13,Yes
Yes,Yes,Yes,No,2.949,-0.24,5,No
Yes,Yes,No,Yes,5.669,-0.843,4,Yes
Yes,Yes,No,No,1.809,-1.497,7,Yes
Yes,Yes,No,Yes,0.794,-0.435,4,No
Yes,Yes,Yes,Yes,1.225,-0.299,3,Yes
No,Yes,No,No,4.009,-0.968,7,Yes
Yes,Yes,Yes,No,5.292,0.037,4,Yes
Yes,Yes,No,Yes,5.367,-0.617,4,No
Yes,Yes,Yes,Yes,3.402,-1.025,4,Yes
Yes,Yes,Yes,Yes,20,0.01,4,Yes
Yes,Yes,No,No,4.158,-1.456,4,Yes
Yes,Yes,Yes,No,4.919,-0.453,5,Yes
Yes,Yes,Yes,No,4.919,-0.579,5,Yes
Yes,Yes,Yes,Yes,3.536,-1.011,13,Yes
Yes,Yes,Yes,Yes,3.536,-1.365,13,Yes
No,Yes,No,No,2.449,-0.723,4,No
Yes,Yes,No,No,1.225,-1.03,8,Yes
Yes,Yes,No,No,4.937,-0.367,7,Yes
No,Yes,No,No,2.449,0,15,Yes
Yes,Yes,No,No,4.243,-1.297,6,Yes
Yes,Yes,No,No,4.243,-0.993,6,Yes
Yes,No,No,No,5.926,0.909,2,Yes
Yes,No,No,No,5.926,-0.108,2,Yes
Yes,Yes,No,No,1.897,-0.828,16,Yes
No,Yes,No,No,1.897,-1.48,16,Yes
Yes,Yes,No,No,2.91,-0.211,5,No
Yes,Yes,No,No,3,0.177,4,No
Yes,Yes,No,No,1.175,-0.56,6,No
Yes,Yes,No,No,3.162,-0.466,11,Yes
Yes,Yes,No,No,3.162,-0.713,10,Yes
Yes,Yes,No,Yes,2.531,-0.38,4,Yes
Yes,Yes,No,No,3.333,-0.518,6,Yes
Yes,Yes,No,Yes,6.891,0.746,7,Yes
Yes,Yes,No,No,9.39,-0.226,1,No
Yes,Yes,No,Yes,2.08,0.893,7,Yes
Yes,Yes,Yes,Yes,3.084,-0.241,3,Yes
No,No,No,No,0.776,-1.005,-3,No
Yes,Yes,No,Yes,12.5,1.328,2,No
Yes,No,No,No,2.245,-0.109,11,Yes
Yes,Yes,No,No,4.164,0.457,3,Yes
No,No,No,No,2.7,-0.651,3,No
Yes,Yes,No,No,5,-1.074,7,No
Yes,Yes,No,No,2.449,-1.143,5,No
No,Yes,No,No,2.244,-0.766,2,No
Yes,Yes,Yes,No,12.522,-1.016,2,No
Yes,Yes,Yes,Yes,3.578,0.108,2,Yes
Yes,Yes,No,No,9.145,-0.388,2,Yes
Yes,Yes,Yes,No,7.603,-1.014,7,No
Yes,Yes,Yes,No,15.061,-0.077,5,No
No,Yes,Yes,No,15.061,-0.935,5,No
Yes,Yes,Yes,Yes,1.414,0.685,2,Yes
Yes,Yes,No,No,3.144,-1.815,4,Yes
Yes,Yes,No,No,1.821,0.541,7,No
Yes,Yes,No,No,1.19,-0.808,2,No
Yes,Yes,No,No,1.19,0.712,2,No
Yes,Yes,No,No,1.308,-1.188,11,Yes
Yes,Yes,No,No,4.514,-0.974,10,Yes
No,Yes,No,No,4.899,-1.495,3,Yes
No,Yes,No,No,3.098,-1.436,13,Yes
Yes,Yes,No,No,3.704,0.626,4,No
Yes,Yes,No,No,3.024,-0.985,6,Yes
Yes,Yes,No,No,5.216,-0.645,2,Yes
Yes,Yes,No,No,1.399,0.147,0,Yes
Yes,Yes,No,No,2.813,-0.531,9,Yes
Yes,Yes,No,No,1.809,0.849,5,No
Yes,Yes,No,No,2.167,-1.73,11,Yes
No,Yes,No,No,1.704,-1.537,1,No
Yes,No,No,Yes,3.118,-0.051,5,No
No,No,No,No,1.682,-0.049,9,No
Yes,Yes,Yes,Yes,2.442,1.213,3,No
Yes,Yes,No,No,5.307,0.547,3,Yes
No,Yes,No,No,5.814,-0.716,2,Yes
Yes,Yes,No,No,3.166,0.833,2,No
No,Yes,No,No,2.25,-1.843,4,Yes
Yes,Yes,No,No,2.25,-0.795,9,Yes
Yes,Yes,Yes,No,8.5,-0.172,3,No
No,Yes,No,No,2.236,-0.577,5,No
Yes,Yes,Yes,Yes,4.899,-0.478,2,Yes
Yes,No,Yes,Yes,2.5,0.895,2,No
Yes,Yes,No,No,4.667,-1.605,11,Yes
Yes,Yes,Yes,Yes,1.484,-1.163,8,Yes
Yes,Yes,Yes,Yes,8.165,0.15,2,Yes
Yes,No,No,No,5.376,-0.214,7,Yes
Yes,Yes,Yes,No,2.808,-0.923,2,No
Yes,Yes,Yes,Yes,4.025,-1.811,2,Yes
Yes,Yes,No,No,5.367,-1.375,6,Yes
Yes,Yes,No,No,5.889,0.261,3,No
Yes,Yes,No,Yes,3.743,1.28,4,No
No,Yes,No,No,4.619,-1.363,2,No
Yes,Yes,No,No,3.13,0.964,3,No
Yes,Yes,No,No,3.13,-0.886,3,No
Yes,No,No,No,2.449,-0.746,3,No
Yes,No,No,No,2.449,-0.685,3,No
Yes,No,No,No,8.5,1.586,1,Yes
Yes,No,Yes,No,8.165,0.043,3,Yes
Yes,Yes,No,No,3.667,-0.994,8,Yes
Yes,Yes,No,No,2.776,-0.166,11,No
Yes,Yes,No,No,10.205,-1.049,7,No
Yes,Yes,Yes,Yes,2.25,0.168,2,No
No,Yes,Yes,Yes,2.475,-1.805,6,No
No,Yes,No,No,7.201,-0.791,3,Yes
Yes,Yes,No,No,5.715,-1.014,4,Yes
Yes,Yes,Yes,No,6.928,0.406,2,Yes
Yes,Yes,Yes,Yes,12.247,0.119,3,Yes
Yes,Yes,Yes,Yes,1.633,-1.022,5,No
Yes,Yes,Yes,Yes,1.633,-0.246,5,No
Yes,Yes,No,No,12.25,0.854,4,Yes
Yes,Yes,No,No,6.94,-1.056,3,Yes
Yes,No,Yes,No,12.701,0.316,2,Yes
Yes,No,Yes,No,11.547,0.449,0,Yes
Yes,No,Yes,Yes,5.5,0.229,1,Yes
Yes,Yes,Yes,No,3,0.553,7,No
Yes,Yes,Yes,No,3.266,0,6,No
Yes,Yes,Yes,No,6.928,0.215,0,Yes
Yes,Yes,Yes,Yes,3.5,-0.131,2,No
Yes,Yes,No,No,6.718,-1.593,7,Yes
Yes,Yes,Yes,No,6.708,-1.338,6,No
No,Yes,Yes,Yes,6.928,-0.992,0,Yes
Yes,Yes,No,No,4.491,0.406,3,No
Yes,Yes,No,No,7.155,-1.078,2,Yes
Yes,Yes,No,No,8.315,-0.214,5,Yes
Yes,Yes,No,No,4.899,-0.936,3,Yes
Yes,Yes,No,No,10.5,-1.046,4,Yes
No,Yes,No,No,9.25,-0.609,4,Yes
Yes,No,Yes,No,13.416,1.292,2,Yes
No,Yes,No,No,5.303,-1.174,6,No
No,Yes,Yes,No,5.339,-0.288,5,Yes
Yes,Yes,Yes,No,5.339,-0.111,5,Yes
Yes,Yes,Yes,Yes,3.584,-0.858,5,No
No,Yes,Yes,Yes,3.584,-1.535,5,No
Yes,Yes,No,No,3.542,-1.047,6,No
Yes,Yes,No,No,4.313,-1.111,9,Yes
Yes,Yes,No,No,13,-0.134,2,Yes
Yes,Yes,No,No,3.266,0.827,2,No
Yes,Yes,Yes,No,8.66,0.452,4,Yes
No,Yes,No,No,12.5,-1.365,2,Yes
Yes,Yes,No,Yes,7.757,0.522,6,Yes
Yes,Yes,Yes,No,7.348,-0.019,7,No
Yes,Yes,No,No,7.348,-0.679,3,Yes
No,Yes,Yes,Yes,4.067,-1.283,6,Yes
Yes,Yes,No,No,7.233,0.64,6,Yes
No,Yes,No,No,4.899,-0.677,5,Yes
Yes,Yes,No,No,4.899,-2.107,5,Yes
Yes,Yes,No,No,4.899,-1.805,3,Yes
Yes,Yes,No,No,7.5,0.078,2,No
Yes,Yes,No,No,6.047,-0.93,4,Yes
Yes,Yes,No,No,7.559,-1.246,4,Yes
No,Yes,No,No,5.657,-1.632,7,Yes
Yes,Yes,No,No,6.5,0.288,4,Yes
No,Yes,No,No,6.5,-0.119,4,Yes
No,Yes,No,No,5.657,-1.092,5,Yes
Yes,Yes,No,No,3.479,0.562,4,No
No,Yes,No,No,1.47,-1.805,8,Yes
Yes,Yes,Yes,No,8.944,-0.087,3,Yes
Yes,Yes,Yes,Yes,11.18,-0.948,3,No
No,Yes,No,Yes,3,-0.743,2,No
No,Yes,No,No,1.5,-1.645,3,Yes
Yes,Yes,Yes,Yes,7.506,0.452,1,No
Yes,Yes,No,No,1.968,-0.656,2,No
Yes,Yes,Yes,Yes,2.2,0.174,2,No
No,Yes,No,No,2.791,-1.796,4,No
Yes,No,No,No,1.773,-1.74,7,Yes
Yes,Yes,No,No,8.333,-1.326,6,Yes
Yes,Yes,No,No,8.333,-1.072,6,Yes
Yes,Yes,No,No,5,0.11,7,Yes
No,Yes,No,No,4.914,-1.626,8,Yes
Yes,Yes,No,No,2.899,-0.48,5,Yes
Yes,Yes,Yes,No,3.253,-0.639,8,Yes
Yes,Yes,Yes,No,3.253,-1.298,8,Yes
Yes,Yes,No,Yes,2.051,-1.003,9,No
Yes,Yes,No,No,10.206,1.447,3,Yes
Yes,Yes,No,No,4.082,-1.347,4,Yes
Yes,Yes,Yes,No,2.98,-1.432,3,Yes
Yes,Yes,Yes,Yes,5.5,-0.346,2,No
Yes,Yes,No,No,4.5,-1.002,6,No
Yes,Yes,No,No,2.236,-0.849,6,No
Yes,Yes,No,Yes,4.899,-0.286,8,Yes
Yes,Yes,No,No,2.828,-1.489,5,Yes
Yes,Yes,No,No,9.839,1.154,2,No
Yes,Yes,No,No,3.811,-0.369,1,No
Yes,No,Yes,No,7,-0.458,1,Yes
No,Yes,No,No,1.508,-1.334,9,No
No,Yes,No,No,1.768,-1.767,5,No
Yes,Yes,No,No,3.402,-1.206,4,Yes
Yes,Yes,No,No,15.652,0.501,2,Yes
Yes,Yes,Yes,Yes,17.5,0.892,1,Yes
Yes,No,No,Yes,4,-0.057,2,No
No,No,No,Yes,4,-1.057,2,No
No,Yes,No,No,5.836,-1.436,9,No
No,Yes,No,No,8.66,-0.869,7,Yes
Yes,No,No,No,10.205,1.483,4,Yes
No,Yes,No,No,3.578,-1.199,7,No
Yes,Yes,No,No,16.706,0.42,3,Yes
Yes,Yes,No,No,2.255,-1.786,10,Yes
Yes,Yes,No,No,2.255,-1.623,10,Yes
No,Yes,No,No,0.98,-1.601,5,Yes
Yes,Yes,No,No,6.667,0.271,6,No
Yes,Yes,No,No,6.667,-0.711,6,No
Yes,Yes,Yes,Yes,7.071,-1.349,2,No
Yes,Yes,No,No,8.5,0.239,3,Yes
Yes,Yes,No,No,8.5,-1.5,3,Yes
Yes,Yes,No,No,2.88,0.003,8,No
Yes,No,No,No,4.919,-1.201,14,Yes
No,No,No,No,4.491,-1.205,6,No
Yes,Yes,No,Yes,3.402,-1.003,7,No
Yes,Yes,No,No,3.402,-0.37,6,No
Yes,Yes,No,No,3.402,-1.027,6,No
Yes,Yes,No,No,3.394,-0.407,2,No
Yes,Yes,No,Yes,2.187,-0.204,8,No
Yes,Yes,No,Yes,5.5,-0.666,3,No
No,Yes,No,No,1.89,-0.983,5,Yes
No,Yes,No,No,2.606,0.301,4,No
No,Yes,No,No,2.606,0.329,4,No
No,Yes,No,No,4.123,-1.122,5,Yes
No,Yes,No,No,2.729,-2.508,6,Yes
Yes,No,Yes,Yes,33.541,0.271,3,Yes
No,No,No,No,6.722,-1.545,2,Yes
Yes,No,Yes,Yes,12,0.84,1,Yes
Yes,No,No,Yes,8.165,-0.234,3,Yes
No,Yes,No,No,5,-2.679,2,Yes
Yes,Yes,No,No,6.351,0.217,7,No
Yes,No,No,No,24.495,1.041,5,Yes
Yes,No,Yes,No,9,0.037,2,Yes
Yes,No,Yes,No,9,0.607,2,Yes
Yes,No,No,No,3.75,-1.111,4,Yes
Yes,Yes,No,No,2.713,1.346,3,No
Yes,Yes,No,Yes,4.472,-0.612,3,No
No,Yes,Yes,Yes,6.5,-1.145,2,No
Yes,No,Yes,Yes,8.55,-0.172,1,Yes
Yes,No,Yes,Yes,10,0.919,1,Yes
Yes,No,No,No,13.416,0.608,3,Yes
Yes,No,No,No,8.497,-1.259,4,No
Yes,Yes,No,No,3.5,-0.162,2,No
Yes,No,No,No,5.657,-0.652,2,No
Yes,Yes,No,No,4.472,-1.098,3,Yes
Yes,Yes,Yes,Yes,3.78,-1.116,4,Yes
Yes,No,Yes,No,12.5,1.09,2,Yes
Yes,No,Yes,No,11,1.126,3,Yes
Yes,Yes,No,No,6.532,-0.929,7,Yes
Yes,No,Yes,No,23.094,1.456,7,Yes
Yes,No,Yes,Yes,8.05,0.642,2,Yes
Yes,No,Yes,No,6.708,-0.161,2,Yes
Yes,No,No,No,8,1.405,2,No
Yes,No,No,No,13.002,0.917,0,Yes
Yes,No,Yes,Yes,8.333,1.041,6,Yes
Yes,No,Yes,Yes,8.333,1.297,6,Yes
Yes,Yes,No,No,6.124,-0.952,3,Yes
Yes,Yes,Yes,Yes,11.628,-0.807,2,Yes
Yes,No,Yes,No,4.899,-0.506,3,Yes
Yes,No,No,No,4.041,0.127,5,Yes
Yes,Yes,No,No,0.302,-1.174,8,Yes
No,Yes,No,No,0.535,0,13,Yes
Yes,Yes,No,No,0.535,-0.906,12,Yes
No,Yes,No,No,3.266,-1.483,3,Yes
Yes,No,No,No,14.289,0.348,3,Yes
Yes,No,Yes,No,6.261,0.177,2,Yes
Yes,Yes,No,No,2.009,-1.101,6,No
Yes,No,Yes,Yes,6.532,0.249,3,Yes
No,No,No,Yes,10.607,0.277,1,Yes
Yes,Yes,Yes,Yes,9.815,1.109,1,No
Yes,No,Yes,No,1,0.428,1,Yes
Yes,No,Yes,No,10,0.794,1,Yes
Yes,No,Yes,No,13.461,0.695,2,Yes
Yes,No,No,No,10.5,0.958,1,No
Yes,No,No,No,6.708,0.711,3,Yes
Yes,No,No,No,2.5,0.71,1,Yes
Yes,No,No,Yes,2.5,-0.472,1,Yes
No,No,No,No,2.858,-1.68,4,No
Yes,No,Yes,Yes,11.258,-0.067,1,Yes
Yes,Yes,No,Yes,14.434,0.608,1,Yes
No,No,Yes,Yes,7.155,0.071,2,Yes
Yes,No,No,No,7.5,1.142,2,No
Yes,No,Yes,Yes,10,0.356,1,Yes
Yes,No,No,No,8.5,0.516,3,Yes
Yes,No,Yes,No,3.879,0.27,5,Yes
Yes,No,Yes,Yes,13.238,0.244,2,Yes
Yes,No,No,No,11.18,0.808,2,Yes
Yes,No,No,No,6.124,0.76,3,Yes
Yes,No,Yes,Yes,6.899,0.115,3,Yes
No,No,Yes,Yes,7.603,-0.733,2,Yes
Yes,No,Yes,Yes,17.5,0.462,4,Yes
Yes,No,No,No,13,1.001,1,Yes
Yes,Yes,No,No,11.18,-0.766,2,Yes
Yes,Yes,No,Yes,7.348,-0.341,4,Yes
No,No,No,No,5.307,-0.568,5,Yes
No,No,No,No,1.541,-0.985,3,No
No,No,No,No,1.541,-0.907,3,No
Yes,Yes,No,Yes,3.843,-0.093,4,No
Yes,Yes,No,Yes,3.843,-0.093,4,Yes
Yes,Yes,No,Yes,3.843,-1.727,4,Yes
Yes,Yes,Yes,No,7.603,0.582,2,Yes
Yes,Yes,No,No,7.603,-1.358,2,Yes
Yes,Yes,Yes,Yes,10.451,0.088,7,No
Yes,Yes,Yes,No,0.495,-0.625,3,No
Yes,No,No,No,17.678,1.555,2,Yes
Yes,Yes,No,No,6,-1.203,6,Yes
Yes,No,Yes,Yes,3.578,1.501,3,Yes
Yes,Yes,No,No,4.025,-0.299,6,No
